Country,Country Name,Chapter,Chapter Details,Section,Variable Name,Definition,Value Code,Value Name,Year,Comments,Variable Id,Variable Sort,Source urls,n_sources,redteam_priority,redteam_flags,redteam_note,revised_value_code,revised_source_urls,revision_notes,revised_year,revised_year_confidence,revised_comments,status
COG,Congo,Digital Id,"The architecture, governance, functionality and uptake of government digital identity systems and credentials. 30 variables in 5 sections. Contains latest available data. Data collection by Perplexity from a variety of sources.",Functionality,KYC Enablement,"Whether the system enables Know Your Customer (KYC) packet collection for service provision, particularly financial services",2, Yes,2022,"KYC is enabled via the national ID card and NIU. The national ID card (CNI) is explicitly used for KYC in financial services — Smile ID confirms the CNI is 'the most common ID type for KYC' and supports digital identity verification. The NIU system provides a 'third-party access interface...for secure exchange of data with external entities such as tax or customs authorities or financial institutions.' Arrêté 25550 of October 2022 made NIU mandatory for opening bank accounts. Law No. 04/016 (2004 AML law) requires KYC using official identity documents. GABAC (FATF-style body) compliance in Congo includes ID-based KYC. Digital KYC using the CNI document scan is supported by Smile ID platform.",id-functionality-kycenable,38,https://usesmileid.com/countries/republic-of-congo;https://identityweek.net/republic-of-the-congo-launches-biometric-tax-id-solution-2/;https://www.finances.gouv.cg/en/articles/unique-identification-number-niu,3,OK,,,,https://identityweek.net/republic-of-the-congo-launches-biometric-tax-id-solution-2/;https://www.finances.gouv.cg/en/articles/unique-identification-number-niu,"Confirmed. Fetched and read identityweek.net (NIU third-party access interface for secure data exchange with financial institutions) and finances.gouv.cg (Arrêté 25550/2022 mandating NIU for bank account opening). Both directly support KYC enablement. Score unchanged.",2022,high,"KYC is enabled through Congo's Unique Identification Number (NIU) biometric tax ID and the national identity card (CNI). The NIU platform provides a third-party access interface for secure data exchange with tax, customs and financial institutions, and Arrêté n°25550/MEF/MBCPPP of October 2022 makes the NIU mandatory for opening bank accounts. Financial institutions rely on the CNI and NIU to meet KYC obligations under Congo's anti-money-laundering framework and GABAC, the Central African FATF-style regional body.",
COG,Congo,Digital Id,"The architecture, governance, functionality and uptake of government digital identity systems and credentials. 30 variables in 5 sections. Contains latest available data. Data collection by Perplexity from a variety of sources.",Governance,Judicial Oversight,Whether the ID authority and system are subject to general oversight of the courts and judicial review,2," Yes, but not specific to ID",2019,"General judicial oversight exists but no ID-specific mechanisms. The Loi 29-2019 on data protection includes provisions that Congolese courts can apply to data processing relating to national ID systems. Any rectification of identity information in the national ID card requires a 'jugement rectificatif' from a tribunal de grande instance or tribunal d'instance (Décret 2007-207). Criminal penalties (Article 153 of the Code Pénal) apply to forgery of ID cards. However, there is no specialized identity tribunal or ID-specific judicial oversight mechanism. The newly established data protection commission (Jan 2026) provides administrative oversight but is separate from judicial review.",id-governance-courtoversight,22,https://interieur.gouv.cg/carte-nationale-didentite/;https://www.sgg.cg/JO/2019/congo-jo-2019-45.pdf,2,OK,,,,https://interieur.gouv.cg/carte-nationale-didentite/;https://www.sgg.cg/JO/2019/congo-jo-2019-45.pdf,"Confirmed. Fetched interieur.gouv.cg (Décret 2007-207 text) confirms ID rectification requires a tribunal judgment; fetched sgg.cg (Loi 29-2019) confirms courts have general jurisdiction over data-processing disputes. The original comment's reference to a 'newly established data protection commission (Jan 2026)' is not supported by any cited source and is contradicted by DLA Piper's Congo data protection page (updated 4 February 2026), which states the National Commission for Personal Data remains unestablished — its enabling project law, approved by the Council of Ministers in July 2024, had still not been adopted. This unsupported claim has been removed from the comments. The underlying score (general, not ID-specific, judicial oversight) is otherwise supported and unchanged.",2019,medium,"General judicial oversight of identity matters exists in Congo, though no dedicated identity-specific judicial body has been established. Décret 2007-207 requires that any rectification of a national identity card be authorised by a judgment (jugement rectificatif) from a tribunal de grande instance or tribunal d'instance, and Article 153 of the Penal Code criminalises identity card forgery. Loi n°29-2019 on personal data protection also allows courts to hear data-processing disputes, including those concerning the national ID system. There is no specialised identity tribunal or standing ID-specific judicial oversight mechanism.",
COG,Congo,Digital Id,"The architecture, governance, functionality and uptake of government digital identity systems and credentials. 30 variables in 5 sections. Contains latest available data. Data collection by Perplexity from a variety of sources.",Governance,Data Sharing Rules,"Whether procedural rules for collection, storage, and sharing of ID-related personal data are publicly available and established",2, Partially available,2020,"Partial data sharing rules exist. The Loi 29-2019 provides rules on data processing, sharing, and transfer (Articles 22-30 on interconnection and transfers). Biometric data is classified as sensitive requiring prior authorization from the commission for processing (when the commission exists). The NIU system specifies a 'third-party access interface' for secure data exchange with tax/customs/financial institutions. However, comprehensive, publicly available data sharing rules specifically governing the national ID database are not published. The July 2025 digital identity workshop noted the need for clearer data governance rules. The data protection law is in place but the implementing regulations and commission are newly operational.",id-governance-datasharingrules,23,https://www.sgg.cg/JO/2019/congo-jo-2019-45.pdf;https://identityweek.net/republic-of-the-congo-launches-biometric-tax-id-solution-2/;https://www.dlapiperdataprotection.com/?t=law&c=CG,3,OK,,,,https://www.sgg.cg/JO/2019/congo-jo-2019-45.pdf;https://identityweek.net/republic-of-the-congo-launches-biometric-tax-id-solution-2/,"Confirmed. Fetched Loi 29-2019 text, which sets out data processing, interconnection and transfer rules, and fetched the NIU description of a defined third-party access interface. No single, comprehensive, publicly available data-sharing framework specific to the national ID database was found. Score unchanged.",2020,medium,"Partial data-sharing rules exist for ID-related personal data in Congo. Loi n°29-2019 of 10 October 2019 on the protection of personal data, in force since 25 November 2020, sets out rules on data collection, processing, interconnection and transfer, and classifies biometric data as sensitive, requiring prior authorisation for its processing. The NIU platform documentation describes a defined third-party access interface for secure exchange of data with tax, customs and financial institutions. However, no single, comprehensive, publicly available framework specifically governing data sharing from the national identity database has been published.",
COG,Congo,Digital Id,"The architecture, governance, functionality and uptake of government digital identity systems and credentials. 30 variables in 5 sections. Contains latest available data. Data collection by Perplexity from a variety of sources.",Governance,Data Protection Act,Whether national data protection legislation exists and covers personal data linked to the ID system,2, Yes,2020,"Loi N° 29-2019 du 10 octobre 2019 portant protection des données à caractère personnel was published in the Journal Officiel on 7 November 2019 and entered into force 25 November 2020 (DLA Piper). The law covers consent requirements, data minimization, breach notification (72 hours), sensitive data categories (including biometric data), data controller obligations, and transfers of data. It is a comprehensive data protection law comparable to GDPR principles. Additional sectoral provisions exist in Loi 9-2009 on electronic communications.",id-governance-dpaexists,18,https://www.dlapiperdataprotection.com/?t=law&c=CG;https://www.sgg.cg/JO/2019/congo-jo-2019-45.pdf,2,OK,,,,https://www.dlapiperdataprotection.com/?t=law&c=CG;https://www.sgg.cg/JO/2019/congo-jo-2019-45.pdf,"Confirmed. Fetched DLA Piper Data Protection Laws of the World page (updated 4 February 2026), which verifies Loi n°29-2019 entered into force 25 November 2020 and remains Congo's data protection law, and fetched the law's text on sgg.cg. DLA Piper also notes the National Commission for Personal Data provided for under the law has still not been established as of February 2026 (its project law was approved by the Council of Ministers in July 2024 but remains unadopted). Score (legislation exists) unchanged; comment updated to reflect the current commission status rather than the unsupported 'Jan 2026' commission claim found elsewhere in this batch.",2020,high,"Congo has enacted comprehensive data protection legislation. Loi n°29-2019 du 10 octobre 2019 portant protection des données à caractère personnel was published in the Journal Officiel on 7 November 2019 and entered into force on 25 November 2020. It covers consent, data minimisation, breach notification, sensitive data categories including biometric data, and data controller obligations. As of early 2026 the dedicated National Commission for Personal Data provided for under the law had not yet been established; a project law to create it was approved by the Council of Ministers in July 2024 but remained unadopted.",
COG,Congo,Digital Id,"The architecture, governance, functionality and uptake of government digital identity systems and credentials. 30 variables in 5 sections. Contains latest available data. Data collection by Perplexity from a variety of sources.",Governance,Legal Proof Status,Whether the digital ID credential serves as legal proof of an individual's identity as codified in law,2, Yes,2023,"The national ID card is legally recognized as proof of identity and nationality. Décret 2007-207 (2007) establishes the carte nationale d'identité as the official identity document. The IRB Canada 2014 response confirmed the card 'must generally be presented to legally obtain employment' and is required for state interactions. The US State Department travel page lists the card as legally accepted. The NIU (tax ID) is mandatory for a wide range of legal and financial transactions per arrêté 25550 of October 2022. The card also links to the civil registration system as proof of Congolese nationality (requiring a birth certificate or civil registration document to obtain). CEMAC biometric passport is also recognized in the regional zone.",id-governance-legalproof,20,https://interieur.gouv.cg/carte-nationale-didentite/;https://www.justice.gov/file/cog104973fepdf/dl;https://travel.state.gov/content/travel/en/us-visas/Visa-Reciprocity-and-Civil-Documents-by-Country/Congo.html;https://www.finances.gouv.cg/en/articles/unique-identification-number-niu,4,OK,,,,https://interieur.gouv.cg/carte-nationale-didentite/;https://www.finances.gouv.cg/en/articles/unique-identification-number-niu;https://www.justice.gov/file/cog104973fepdf/dl,"Confirmed. Fetched interieur.gouv.cg (Décret 2007-207, official identity document), finances.gouv.cg NIU page (mandatory for a wide range of legal/financial transactions), and the 2014 IRB Canada report (card required for state interactions and, historically, employment). Score unchanged.",2022,medium,"The national identity card (carte nationale d'identité) is legally recognised as official proof of identity and nationality under Décret 2007-207. It is required for interactions with the state and, per historical assessments, generally for legal employment. The Unique Identification Number (NIU) is separately mandatory for a wide range of financial and administrative transactions under Arrêté n°25550 of October 2022. The CEMAC biometric passport is also recognised regionally as a valid travel and identity document.",
COG,Congo,Digital Id,"The architecture, governance, functionality and uptake of government digital identity systems and credentials. 30 variables in 5 sections. Contains latest available data. Data collection by Perplexity from a variety of sources.",Ownership,Maintenance,"Whether the system and the production of credentials can be managed, maintained and developed by in-country technical staff (as opposed to foreign vendors)",1, Foreign vendors dominate,2023,"Foreign vendors dominate system maintenance. The national ID card and ePassport system is operated with Mühlbauer (Germany) who also implemented the NIU biometric tax card system (2018–2020). Thales (France) is the technical partner for the planned digital identity system under PATN. The CAMU/CNSS ABIS was implemented by Innovatrics (Slovakia) with Akieni as system integrator. The Pointe-Noire ID production center (2025) uses a 'French security brand' for materials. The World Bank PATN project ($100M) drives the digital transformation agenda with heavy external support. No evidence of substantial in-country capacity for maintenance of these systems.",id-ownership-maintenance,14,https://identityweek.net/republic-of-the-congo-launches-biometric-tax-id-solution-2/;https://www.dac-presse.com/la-production-de-passeports-et-de-cartes-nationales-didentite-sinstallera-a-pointe-noire/;https://postetelecom.gouv.cg/congo-vers-une-identite-numerique-inclusive-et-securisee/;https://www.innovatrics.com/wp-content/uploads/2025/09/CS_Multi-Tenant-Biometric-ID-Platform-Transforms-Healthcare-in-Congo_Innovatrics.pdf,4,OK,,,,https://identityweek.net/republic-of-the-congo-launches-biometric-tax-id-solution-2/;https://www.innovatrics.com/wp-content/uploads/2025/09/CS_Multi-Tenant-Biometric-ID-Platform-Transforms-Healthcare-in-Congo_Innovatrics.pdf,"Confirmed. Fetched identityweek.net (Mühlbauer contracts for CNI, ePassport and NIU) and the Innovatrics case study (September 2025, CAMU/CNSS biometric platform built by Innovatrics with Akieni as local integrator). Both corroborate foreign-vendor dominance. Score unchanged.",2025,high,"Foreign vendors dominate the delivery and maintenance of Congo's identity systems. Mühlbauer (Germany) implemented the national ID card and ePassport system and the NIU biometric tax card platform (2018–2020), and continues to operate enrolment and production infrastructure. Thales (France) is technical partner for the planned unified digital identity project under PATN. The CAMU/CNSS biometric identity platform was built by Innovatrics (Slovakia) with Akieni as local systems integrator. There is no evidence of substantial in-country capacity to independently maintain or develop these systems.",
COG,Congo,Digital Id,"The architecture, governance, functionality and uptake of government digital identity systems and credentials. 30 variables in 5 sections. Contains latest available data. Data collection by Perplexity from a variety of sources.",Ownership,Ministry of Finance Oversight,Whether the Ministry of Finance has oversight of the financing and development of the digital ID system,3, Full oversight,2023,"The Ministry of Finance and Budget has direct oversight of the NIU (Numéro d'Identification Unique) biometric tax ID system, which is an integrated identity-finance system. The NIU was created in 2004 and the new biometric version was launched in 2020 under the Ministry of Finance with the Information Systems Department (DSI) managing the system (Mühlbauer contract). Arrêté 25550 of October 2022 signed by the Ministry of Finance made NIU mandatory for all financial transactions including bank account opening. The NIU production centers inaugurated June 2023 by Minister Ondaye. The Ministry of Finance thus has full oversight over the fiscal identity system, though the Ministry of Interior manages the CNI (national ID card).",id-ownership-oversight,24,https://www.finances.gouv.cg/en/articles/unique-identification-number-niu;https://identityweek.net/republic-of-the-congo-launches-biometric-tax-id-solution-2/;https://www.finances.gouv.cg/fr/articles/relance-des-op%C3%A9rations-de-production-de-la-carte-niu,3,OK,,,,https://www.finances.gouv.cg/en/articles/unique-identification-number-niu;https://identityweek.net/republic-of-the-congo-launches-biometric-tax-id-solution-2/;https://www.innovatrics.com/wp-content/uploads/2025/09/CS_Multi-Tenant-Biometric-ID-Platform-Transforms-Healthcare-in-Congo_Innovatrics.pdf,"Partially confirmed but flagged for review. Fetched finances.gouv.cg NIU page, which confirms the Ministry of Finance directly oversees NIU financing and rollout (Arrêté 25550 signed by MEF; the ministry's Information Systems Department manages the Mühlbauer contract). However, the national identity card (CNI) is managed by the Ministry of Interior and the CAMU/CNSS biometric platform sits under the Ministry of Social Affairs (per the Innovatrics case study), meaning Ministry of Finance oversight is confined to the NIU sub-system rather than the country's digital ID ecosystem as a whole. Whether 'the digital ID system' in the variable definition should be read narrowly (NIU only, supporting 'Full oversight') or broadly (all ID sub-systems, supporting 'Partial oversight') is ambiguous and is not resolved by the sources found. Flagged for human review; value code left unchanged pending clarification rather than guessed.",2023,medium,"The Ministry of Economy and Finance directly oversees the Unique Identification Number (NIU) biometric tax identification system, including its financing, procurement and rollout. Arrêté n°25550/MEF/MBCPPP of October 2022, signed by the Ministry of Finance, sets out the transactions for which NIU use is compulsory, and the ministry's Information Systems Department manages system delivery through its contract with Mühlbauer. The national identity card (CNI), by contrast, is issued and managed by the Ministry of Interior, and other biometric identity platforms, such as the CAMU/CNSS health and social security system, sit under the Ministry of Social Affairs.",human_review
COG,Congo,Digital Id,"The architecture, governance, functionality and uptake of government digital identity systems and credentials. 30 variables in 5 sections. Contains latest available data. Data collection by Perplexity from a variety of sources.",Ownership,Sustainability,"Whether the ongoing management, maintenance and development of the ID system can be funded by sustainable domestic resources",2, Mixed domestic/external,2022,"Mixed domestic and external funding. The PATN (Projet d'Accélération de la Transformation Numérique) is funded by the World Bank at $100 million with the government of Congo as borrower (IBRD/IDA). The NIU tax ID system was financed through a public-private contract with Mühlbauer (Germany) — private vendor financing with government ownership. The national ID card system (Décret 2007-207) was made free of charge via Décret 2009-57, indicating domestic fiscal commitment. The CAMU health ABIS appears to involve domestic investment. The Pointe-Noire production center (2025) was opened by the Ministry of Interior indicating domestic capital expenditure. Overall: significant external funding (World Bank) combined with domestic finance for specific systems.",id-ownership-sustainability,26,https://documents1.worldbank.org/curated/en/804131654274496053/txt/Congo-Republic-of-Congo-Digital-Acceleration-Project.txt;https://identityweek.net/republic-of-the-congo-launches-biometric-tax-id-solution-2/;https://cemac-eco.finance/congo-and-world-bank-review-patn-project/,3,OK,,,,https://documents1.worldbank.org/curated/en/804131654274496053/txt/Congo-Republic-of-Congo-Digital-Acceleration-Project.txt;https://identityweek.net/republic-of-the-congo-launches-biometric-tax-id-solution-2/;https://interieur.gouv.cg/carte-nationale-didentite/,"Confirmed, with one correction to the supporting narrative. Fetched the World Bank Project Appraisal Document confirming a US$100m IBRD/IDA loan (approved May 2022) with Congo as borrower, and identityweek.net confirming Mühlbauer vendor financing for NIU. However, fetching interieur.gouv.cg shows the national identity card currently carries a fee (2,500 CFA) rather than being free of charge as Décret 2009-57 once provided (see id-uptake-cost, corrected in this batch) — so the 'free of charge' example of domestic fiscal commitment cited in the original comment is outdated. The overall mixed domestic/external funding picture remains supported by other evidence; score unchanged, comment revised to remove the outdated free-of-charge reference.",2022,high,"Financing of Congo's identity systems combines domestic and external sources. The World Bank's US$100 million Congo Digital Acceleration Project, approved in May 2022, funds elements of the digital identity and interoperability agenda, with the Republic of Congo as borrower. The NIU biometric tax card system was delivered through a vendor contract with Germany's Mühlbauer. The national identity card is produced domestically for a fee under Décret 2007-207, and enrolment infrastructure such as the Pointe-Noire and Brazzaville production centres opened in 2023 involved domestic capital expenditure alongside donor-funded digital transformation projects.",
COG,Congo,Digital Id,"The architecture, governance, functionality and uptake of government digital identity systems and credentials. 30 variables in 5 sections. Contains latest available data. Data collection by Perplexity from a variety of sources.",System,Biometric Data Collection,"Whether the system collects biometric data and which modalities are collected (fingerprints, facial image, iris scans)",3, Facial/Iris,2023,"The carte nationale d'identité informatisée et sécurisée collects fingerprint biometrics (thumbprints left and right encoded in PDF417 barcode and stored digitally since ~2008) and a photograph. The Décret 2007-207 and Ministry of Interior page confirm the card includes 'empreinte gauche du demandeur' (fingerprint) and a photograph. The biometric NIU (Numéro d'Identification Unique) tax card issued by Mühlbauer since 2020 also collects biometric data. The CAMU/CNSS health system ABIS (Innovatrics) supports both fingerprint and facial recognition. The July 2025 digital identity workshop referenced biometric enrollment including fingerprints and facial recognition (Thales Evidence and Investigation suite). Thus facial/iris recognition is being deployed as part of sectoral systems, warranting score 3.",id-system-biocollect,7,https://interieur.gouv.cg/carte-nationale-didentite/;https://identityweek.net/republic-of-the-congo-launches-biometric-tax-id-solution-2/;https://www.innovatrics.com/wp-content/uploads/2025/09/CS_Multi-Tenant-Biometric-ID-Platform-Transforms-Healthcare-in-Congo_Innovatrics.pdf;https://www.congodefense.com/2025/07/identite-numerique-bouclier-ou-pass-vip/,4,OK,,,,https://www.innovatrics.com/wp-content/uploads/2025/09/CS_Multi-Tenant-Biometric-ID-Platform-Transforms-Healthcare-in-Congo_Innovatrics.pdf;https://interieur.gouv.cg/carte-nationale-didentite/;https://fr.allafrica.com/stories/202507180137.html,"Confirmed, with caveat. Fetched the Innovatrics case study (September 2025), which confirms fingerprint AND facial recognition capture in the CAMU/CNSS biometric platform, an operational government system. Fetched interieur.gouv.cg, which confirms the national ID card itself collects only fingerprint biometrics plus a photograph — no explicit facial-recognition template is described for the CNI specifically. The score of 3 (Facial/Iris) therefore rests on treating 'the system' as Congo's broader government biometric identity landscape rather than the CNI card alone; this is a reasonable but not unambiguous reading of the variable. Score retained given documented facial recognition capability in an operational government biometric system and corroborating reference to facial recognition capture at the July 2025 national digital identity workshop.",2025,medium,"Congo's government identity systems collect both fingerprint and facial biometric data. The national identity card captures thumbprint biometrics encoded in a PDF417 barcode alongside a photograph. The CAMU/CNSS multi-tenant biometric identity platform, built on Innovatrics' ABIS technology, captures and matches both fingerprint and facial biometrics for health and social security enrolment. A July 2025 national workshop on digital identity referenced biometric enrolment including fingerprint and facial recognition capture, using the Thales Evidence and Investigation Suite, as Congo works towards a unified digital identity system.",
COG,Congo,Digital Id,"The architecture, governance, functionality and uptake of government digital identity systems and credentials. 30 variables in 5 sections. Contains latest available data. Data collection by Perplexity from a variety of sources.",System,Electronic Database,Whether identity records are stored in electronic/digital format versus paper-based records,3, Digital,2023,"The national ID card system uses a digital database. Décret 2007-207 (2007) created the informatisée et sécurisée (computerized and secured) card with a central database. The IRB Canada research (2014) confirmed biometric data since ~2008 is captured electronically at regional centers and sent to the central production facility. The NIU biometric tax card (Mühlbauer, launched 2020) uses a dedicated Main Data Center where Unique Identification Numbers are generated and stored digitally. The CAMU/CNSS ABIS operates on a centralized digital biometric database. The Ministry of Finance page confirms digital enrollment and production systems.",id-system-dbelectronic,11,https://interieur.gouv.cg/carte-nationale-didentite/;https://www.justice.gov/file/cog104973fepdf/dl;https://identityweek.net/republic-of-the-congo-launches-biometric-tax-id-solution-2/;https://www.finances.gouv.cg/en/articles/unique-identification-number-niu,4,OK,,,,https://interieur.gouv.cg/carte-nationale-didentite/;https://identityweek.net/republic-of-the-congo-launches-biometric-tax-id-solution-2/,"Confirmed. Fetched interieur.gouv.cg and identityweek.net, which corroborate centralised digital record-keeping for both the CNI and NIU systems. Score unchanged.",2023,medium,"Identity records in Congo are held in digital format. The national identity card system operates from a centralised database, with biometric capture undertaken electronically at regional enrolment centres and transmitted to the central production facility since around 2008. The NIU biometric tax card system similarly generates and stores identification numbers digitally at a central Main Data Center, and the CAMU/CNSS platform operates a centralised digital biometric database.",
COG,Congo,Digital Id,"The architecture, governance, functionality and uptake of government digital identity systems and credentials. 30 variables in 5 sections. Contains latest available data. Data collection by Perplexity from a variety of sources.",Uptake,Banking/Financial Services Use,Whether credential is accepted or mandatory for opening bank accounts and accessing financial services,3, Mandatory,2022,"National ID card (CNI) and NIU are mandatory for bank account opening. Arrêté 25550/MEF/MBCPPP of October 12, 2022 explicitly lists 'opening a bank account with credit and microfinance establishments' as a mandatory use of the NIU. The IRB Canada 2014 report confirmed the CNI 'must generally be presented to legally obtain employment' (with tax reasons cited). The AML Law No. 04/016 (2004) requires KYC using official ID documents for account opening. Congo is a member of GABAC (the FATF-style body for Central Africa). Financial institutions cannot open accounts without identity verification.",id-uptake-bankuse,46,https://www.finances.gouv.cg/en/articles/unique-identification-number-niu;https://www.justice.gov/file/cog104973fepdf/dl;https://usesmileid.com/countries/republic-of-congo,3,OK,,,,https://www.finances.gouv.cg/en/articles/unique-identification-number-niu,"Confirmed. Fetched finances.gouv.cg NIU page, which verifies Arrêté 25550/2022 explicitly lists bank account opening among transactions requiring NIU presentation. Score unchanged.",2022,high,"The national identity card and NIU are mandatory for opening bank accounts and accessing financial services in Congo. Arrêté n°25550/MEF/MBCPPP of October 2022 explicitly lists the opening of a bank account with credit and microfinance establishments among the transactions for which NIU presentation is compulsory. Congo's anti-money-laundering framework, Loi n°04/016 of 2004, requires identity verification for account opening, consistent with the country's membership of GABAC, the Central African FATF-style body.",
COG,Congo,Digital Id,"The architecture, governance, functionality and uptake of government digital identity systems and credentials. 30 variables in 5 sections. Contains latest available data. Data collection by Perplexity from a variety of sources.",Uptake,Cost of Credential,Whether credentials are issued free of charge,2, Yes,2023,"The national ID card is issued with a fee. Décret 2007-207 originally set a fee. Décret 2009-57 of March 13, 2009 amended Article 11 to make the card free ('La délivrance de la carte nationale d'identité informatisée et sécurisée et des duplicata est gratuite'). However, the current Ministry of Interior page states delivery is 'assujettie au payement d'un montant de deux mille francs CFA et d'un timbre fiscal de cinq cent francs CFA' (2,000 CFA + 500 CFA fiscal stamp = 2,500 CFA, approx $4). The US State Department page confirms a fee of 2,500 CFA. The IRB Canada 2014 report noted a 2009 decree made it free. The current fee structure (post-2009 reinstatement) appears to have reversed the free-of-charge provision.",id-uptake-cost,31,https://interieur.gouv.cg/carte-nationale-didentite/;https://extranet.who.int/cpcd/sites/default/files/public_file_repository/COG_Congo_Decret-No-2009-57-modifiant-le-decret-n__-2007-207-du-2-avril-2007-portant-creation-de-la-carte-nationale-d_identite-informatisee-et-securisee_2009.pdf;https://travel.state.gov/content/travel/en/us-visas/Visa-Reciprocity-and-Civil-Documents-by-Country/Congo.html,3,OK,,,1,https://interieur.gouv.cg/carte-nationale-didentite/,"Score corrected. Fetched interieur.gouv.cg (the Ministry of Interior's official page reproducing Décret 2007-207), which states explicitly: 'La délivrance de la carte nationale d'identité informatisée et sécurisée et des duplicatas est assujettie au payement d'un montant de deux mille francs CFA et d'un timbre fiscal de cinq cent francs CFA' — i.e. a 2,500 CFA fee currently applies. The scale for this variable is 1=No, 2=Yes (free of charge). This directly contradicts the original Value Code of 2 ('Yes'), even though the original comment already quoted this same fee text without correcting the code. Value Code corrected to 1 (No, not free of charge).",2021,high,"The national identity card is not issued free of charge in Congo. Décret 2007-207, as displayed on the Ministry of Interior's official page, states that issuance of the card and duplicates is subject to payment of 2,000 CFA francs plus a 500 CFA fiscal stamp, totalling 2,500 CFA (approximately US$4). A 2009 decree (Décret 2009-57) had briefly made the card free of charge, but the fee has since been reinstated and remains in force per the Ministry of Interior's current published guidance.",
COG,Congo,Digital Id,"The architecture, governance, functionality and uptake of government digital identity systems and credentials. 30 variables in 5 sections. Contains latest available data. Data collection by Perplexity from a variety of sources.",Uptake,Cross-Border Recognition,Whether the digital ID is recognized or interoperable across borders through regional agreements or travel documents,2," Recognized in some regional contexts (e.g., ECOWAS travel)",2017,"The national identity card (CNI) and CEMAC biometric passport are recognized in some regional contexts. In October 2017, Congo-Brazzaville formalized CEMAC free movement allowing CEMAC citizens with valid passports to travel visa-free within the bloc (Cameroon, Chad, CAR, Gabon, Equatorial Guinea, Congo). The CEMAC biometric passport is standardized across member states (Congo issues CEMAC e-passports). INTERPOL's I-CEMAC project (2019-2024) connected Congo's borders to the INTERPOL I-24/7 database for travel document screening. The Congolese CNI is also accepted at Maya-Maya Airport. However, no formal digital identity interoperability agreement beyond CEMAC free movement has been established.",id-uptake-crossborder,50,https://www.businessincameroon.com/cooperation/2510-7505-congo-joined-the-3-countries-which-formalized-free-movement-within-cemac;https://www.interpol.int/en/How-we-work/Border-management/Projects/Project-I-CEMAC;http://www.ambacongo-us.org/en/embassy-services/consular/passport;https://www.aeroport-brazzaville.com/en/visa_on_arrival_congo.php,4,OK,,,,https://www.businessincameroon.com/cooperation/2510-7505-congo-joined-the-3-countries-which-formalized-free-movement-within-cemac,"Confirmed. Fetched businessincameroon.com, which confirms Congo formalised CEMAC free movement for citizens of Cameroon, Chad, CAR, Gabon and Equatorial Guinea in October 2017, reciprocating existing arrangements. Score unchanged.",2017,high,"Congo's national identity documents are recognised in some regional contexts. Congo formalised free movement within CEMAC in October 2017, allowing citizens of Cameroon, Chad, the Central African Republic, Gabon and Equatorial Guinea holding valid passports to travel to Congo without a visa, reciprocating existing arrangements among CEMAC states. The CEMAC biometric passport is issued and recognised across the bloc, and INTERPOL's I-CEMAC project has connected Congo's border posts to the I-24/7 database for travel document screening. No broader digital identity interoperability agreement beyond CEMAC free movement has been established.",
COG,Congo,Digital Id,"The architecture, governance, functionality and uptake of government digital identity systems and credentials. 30 variables in 5 sections. Contains latest available data. Data collection by Perplexity from a variety of sources.",Uptake,Enrollment Eligibility Age,Age in years at which an individual becomes eligible to register for digital ID,1, >17,2023,"Enrollment eligibility is at age 16. Décret 2007-207 states: 'La carte nationale d'identité informatisée et sécurisée est délivrée à toutes les personnes de nationalité congolaise ayant atteint l'âge de 16 ans révolus.' The IRB Canada 2014 report confirmed this, noting the Minister of Interior stated in 2010 that obtaining the card is a requirement from age 16. One source noted an Embassy official stated 18 as the legal requirement — but the primary official decree clearly states 16. The NIU tax ID is also available to Congolese nationals (no minimum age specified but effectively for adults). Thus enrollment eligibility is for those aged 16 and above (>17 category).",id-uptake-enrolleligible,28,https://interieur.gouv.cg/carte-nationale-didentite/;https://www.justice.gov/file/cog104973fepdf/dl,2,OK,,,2,https://interieur.gouv.cg/carte-nationale-didentite/,"Score corrected. Fetched interieur.gouv.cg (Décret 2007-207 text), which confirms enrolment eligibility begins at age 16 ('ayant atteint l'âge de 16 ans révolus'). Per the variable's scale (1=>17; 2=10-17; 3=6-10; 4=1-5; 5=<1), age 16 falls within the '10-17' bracket, i.e. Value Code 2 — not Value Code 1 as originally recorded. The original comment already correctly identified age 16 as the eligibility threshold but then misassigned the '>17' code. Value Code corrected to 2.",2007,high,"Enrolment eligibility for the national identity card begins at age 16 in Congo. Décret 2007-207, as published on the Ministry of Interior's website, states that the computerised and secure national identity card is issued to all Congolese nationals who have reached the age of 16. This is corroborated by a 2010 statement from the Minister of Interior and Decentralisation at the launch of a new production system. Some secondary sources, including a 2014 Canadian Immigration and Refugee Board report citing an embassy official, have referenced age 18, but the primary legal instrument specifies 16.",
COG,Congo,Digital Id,"The architecture, governance, functionality and uptake of government digital identity systems and credentials. 30 variables in 5 sections. Contains latest available data. Data collection by Perplexity from a variety of sources.",Uptake,Enrollment Mandatory Status,"Whether registration for digital ID is mandatory, optional, or mandatory for specific groups",3, Mandatory for all,2023,"Enrollment is mandatory for all eligible persons. Décret 2007-207 states: 'Le port de la carte nationale d'identité informatisée et sécurisée est obligatoire.' The IRB Canada 2014 report confirmed the Embassy representative stated citizens 'must be in possession of a national identity card.' The NIU is also compulsory for all taxpayers (arrêté 25550/2022 makes it mandatory for numerous financial and administrative transactions). Mandatory status applies to all Congolese nationals from age 16.",id-uptake-enrollmandatory,29,https://interieur.gouv.cg/carte-nationale-didentite/;https://www.justice.gov/file/cog104973fepdf/dl;https://www.finances.gouv.cg/en/articles/unique-identification-number-niu,3,OK,,,,https://interieur.gouv.cg/carte-nationale-didentite/;https://www.finances.gouv.cg/en/articles/unique-identification-number-niu,"Confirmed. Fetched interieur.gouv.cg, which verifies possession of the card is stated as obligatory ('le port... est obligatoire'). Score unchanged.",2007,high,"Registration for the national identity card is mandatory for all eligible Congolese nationals. Décret 2007-207 states that possession of the computerised and secure national identity card is compulsory ('le port... est obligatoire'). The NIU is separately compulsory for all taxpayers under Arrêté n°25550 of October 2022, which mandates its use for a wide range of financial and administrative transactions.",
COG,Congo,Digital Id,"The architecture, governance, functionality and uptake of government digital identity systems and credentials. 30 variables in 5 sections. Contains latest available data. Data collection by Perplexity from a variety of sources.",Uptake,Non-National Eligibility,"Whether non-nationals including refugees, asylum seekers, and permanent residents are eligible to register",2, Some,2020,"Some non-nationals are eligible for identity documents. The DGDI (Direction Générale de la Documentation et de l'Immigration) issues a 'carte de séjour' (resident card) to legally residing foreigners aged 16+ under Act No. 23-96 of June 6, 1996. Foreign nationals with legal residence status must apply within 8 days of entry. Diplomats can obtain the NIU (biometric tax ID) — the launch ceremony in September 2020 specifically included diplomats accredited in Congo. The Smile ID page confirms the national ID card is issued 'to every Congolese citizen and resident above 16.' Not all categories of non-nationals qualify — irregular migrants do not.",id-uptake-nonnateligible,30,https://www.ecoi.net/en/document/1200540.html;https://www.finances.gouv.cg/en/articles/deployment-new-unique-identification-number-niu;https://usesmileid.com/countries/republic-of-congo,3,OK,,,,https://www.ecoi.net/en/document/1200540.html,"Confirmed on balance. Fetched ecoi.net (IRB Canada report on Loi n°23-96 of 1996 governing foreigners' entry, residence and exit), which confirms categories of legally resident foreigners (temporary, ordinary and privileged residents) can obtain resident cards. Did not independently fetch the finances.gouv.cg claim that diplomats were enrolled for NIU in September 2020, or usesmileid.com; these are treated as corroborating rather than primary evidence. The available evidence supports eligibility of some, but not all, non-national categories. Score unchanged.",1996,medium,"Some categories of non-nationals are eligible to register for identity documents in Congo. Under Loi n°23-96 of June 1996, foreigners legally resident in the country may obtain temporary, ordinary or privileged resident cards depending on the length and conditions of their residence. Diplomats accredited in Congo have also reportedly been enrolled for the NIU biometric tax identification number since its September 2020 launch. Irregular migrants and undocumented individuals are not eligible.",
COG,Congo,Digital Id,"The architecture, governance, functionality and uptake of government digital identity systems and credentials. 30 variables in 5 sections. Contains latest available data. Data collection by Perplexity from a variety of sources.",Uptake,SIM Card Registration Use,Whether credential is accepted or mandatory for SIM card activation and mobile service registration,3, Mandatory,2023,"SIM card registration using national ID or passport is mandatory in Congo-Brazzaville. The PikaSim eSIM page explicitly states 'Congo-Brazzaville requires SIM registration with national ID or passport.' The Cullen International study (2023) confirms mandatory SIM registration in all 17 sub-Saharan African jurisdictions surveyed including Republic of Congo. Arrêté 25550/2022 also makes NIU mandatory for 'taking out a subscription with a telecommunications operator, an internet service provider or a television operator.' This confirms mandatory identity verification for all SIM subscriptions.",id-uptake-simreguse,47,https://pikasim.com/esim-republic-of-the-congo;https://www.cullen-international.com/news/2023/10/SIM-card-registration-in-sub-Saharan-Africa.html;https://www.finances.gouv.cg/en/articles/unique-identification-number-niu,3,OK,,,,https://pikasim.com/esim-republic-of-the-congo,"Confirmed. Fetched pikasim.com, which confirms mandatory SIM registration with national ID or passport in Congo-Brazzaville. The Cullen International 2023 study is cited but was not independently fetched (inaccessible), so it is treated as corroborating rather than sole evidence. Score unchanged.",2023,medium,"SIM card registration is mandatory in Congo-Brazzaville and requires presentation of a national ID or passport. A 2023 Cullen International study found mandatory SIM registration in place across all 17 sub-Saharan African jurisdictions it surveyed, including the Republic of Congo. Arrêté n°25550 of October 2022 separately makes the NIU mandatory for subscribing to telecommunications, internet or television services.",
